split,mentioned_aspect_count,review_count,proportion,rows_with_missing_labels
train,0,112,0.0012563800549666275,70
train,1,9763,0.10951820068427842,70
train,2,18840,0.21134107353188625,70
train,3,28167,0.3159683661450446,70
train,4,13591,0.1524594761343878,70
train,5,18672,0.2094565034494363,70
